{"cameraMode":{"drawMode":0,"name":"Shaded","section":"Shading Mode"},"sceneLighting":false,"audioPlay":false,"sceneViewState":{"m_AlwaysRefresh":false,"showFog":true,"showSkybox":false,"showFlares":true,"showImageEffects":true,"showParticleSystems":true,"showVisualEffectGraphs":true,"m_FxEnabled":true},"in2DMode":false,"pivot":{"x":0.005531102418899536,"y":0.29120826721191409,"z":-0.007537126541137695},"rotation":{"x":-0.2959936857223511,"y":-0.12788884341716767,"z":0.040009643882513049,"w":-0.9457653164863586},"size":1.7925572395324708,"orthographic":false}